time,,cu,,gu,,nu,,tris,,,ct,,gt,,nt,,ttris,,reward
18:18:35.711961,[0.7776562083114871, 0.2116802774252442, 0.010464456080463869, 0.5679616464607682],[5, 1, 0, 0.5679616464607682],-0.998
18:18:42.095667,[0.6648159419181309, 0.2946341830049768, 0.04008640188589252, 0.857854164961595],[4, 2, 0, 0.857854164961595],-0.762
18:18:48.554260,[0.33505862064155323, 0.02223647340530721, 0.6424030486476332, 0.6437282715621655],[2, 0, 4, 0.6437282715621655],-0.75
18:18:55.415638,[0.3105088290967132, 0.32546233422076254, 0.3632213178056223, 0.8716402310919955],[1, 2, 3, 0.8716402310919955],-0.045
