time,,cu,,gu,,nu,,tris,,,ct,,gt,,nt,,ttris,,reward
20:08:40.878536,[0.4113531017428035, 0.050766400018237734, 0.5375170451553702, 0.7957295089877556],[2, 0, 4, 0.7957295089877556],-0.852
20:08:47.500431,[0.625375663388917, 0.28642955379929036, 0.08770896713434329, 0.37176018572758984],[4, 2, 0, 0.37176018572758984],-1.379
20:08:54.290191,[0.12485089989446585, 0.8421723014436953, 0.03292344522634327, 0.21484327574565398],[0, 6, 0, 0.21484327574565398],-1.662
20:09:01.155425,[0.5283654380769548, 0.38458422282721494, 0.08629510250565853, 0.7626416499945227],[4, 2, 0, 0.7626416499945227],-1.23
