time,,cu,,gu,,nu,,tris,,,ct,,gt,,nt,,ttris,,reward
17:09:51.282222,[0.3951842742557722, 0.5629282247859655, 0.04156273813264588, 0.8829906202031569],[2, 4, 0, 0.8829906202031569],-0.432
17:09:57.916808,[0.04815816250550542, 0.5611685130247377, 0.39043741091150486, 0.7210717263618843],[0, 4, 2, 0.7210717263618843],-0.595
17:10:04.375430,[0.5147010455603563, 0.4808565859769187, 0.004371399339407889, 0.9149595368778496],[4, 2, 0, 0.9149595368778496],-0.532
17:10:10.984359,[0.16687971833722615, 0.48612121192333246, 0.3461384768040796, 0.310398536474366],[1, 3, 2, 0.310398536474366],-0.938
17:10:17.533014,[0.1390800289238373, 0.06491697355072334, 0.7955276428825833, 0.7087075495329642],[1, 0, 5, 0.7087075495329642],-0.338
