time,,cu,,gu,,nu,,tris,,,ct,,gt,,nt,,ttris,,reward
19:10:45.804402,[0.17127451863960275, 0.5924339067345133, 0.2358888520171324, 0.4475973438508226],[0, 2, 1, 0.4475973438508226],0.792
19:10:52.291253,[0.772125502715446, 0.16526770809434155, 0.06195298784940373, 0.6421261968894719],[3, 0, 0, 0.6421261968894719],0.29
19:10:58.706232,[0.3009530275441139, 0.6244318337331877, 0.0742299672254011, 0.8380885258667097],[1, 2, 0, 0.8380885258667097],-0.197
19:11:05.082090,[0.7295047317675741, 0.21116375386369302, 0.05835672933732572, 0.5125304529321658],[3, 0, 0, 0.5125304529321658],-0.288
19:11:11.450745,[0.25150717677701184, 0.6692096129401971, 0.0787629821529332, 0.8370950332055],[0, 3, 0, 0.8370950332055],-0.192
19:11:18.241875,[0.14807160485716947, 0.5875876176570287, 0.2639533703711842, 0.38342417578720384],[0, 2, 1, 0.38342417578720384],-0.358
