time,,cu,,gu,,nu,,tris,,,ct,,gt,,nt,,ttris,,reward
17:35:51.541012,[0.4298504337326742, 0.5514555230464262, 0.017721529406669045, 0.3782739667935072],[2, 4, 0, 0.3782739667935072],-1.694
17:35:58.293776,[0.6018766836564416, 0.1772964726420998, 0.2200077028939097, 0.6902792671551272],[4, 1, 1, 0.6902792671551272],-1.082
