time,,cu,,gu,,nu,,tris,,,ct,,gt,,nt,,ttris,,reward
19:52:56.466823,[0.5167401580765775, 0.287749903739259, 0.1946713971091536, 0.7842347036806037],[4, 1, 1, 0.7842347036806037],-0.843
19:53:03.373253,[0.5404902351930139, 0.14821461627203414, 0.31115497344299425, 0.23377877456778384],[4, 0, 2, 0.23377877456778384],-1.388
