time,,cu,,gu,,nu,,tris,,,ct,,gt,,nt,,ttris,,reward
21:33:43.128622,[0.05869351199239625, 0.5448491466000143, 0.3962466218727583, 0.5646176696066346],[0, 4, 2, 0.5646176696066346],-0.793
21:33:49.893771,[0.3250515719533775, 0.6085717914580716, 0.06604886646270092, 0.9727250232650773],[2, 4, 0, 0.9727250232650773],-0.862
