time,,cu,,gu,,nu,,tris,,,ct,,gt,,nt,,ttris,,reward
15:41:17.722748,[0.11329416644088264, 0.5578386244877496, 0.32826146555307356, 0.9057814056037823],[0, 2, 1, 0.9057814056037823],0.596
15:41:24.124527,[0.1595713392536544, 0.2693503747082283, 0.5701484730160562, 0.572431649097393],[0, 1, 2, 0.572431649097393],-0.041
15:41:30.447380,[0.12630089784775278, 0.7531927446398813, 0.12004018466179822, 0.23274635204159672],[0, 3, 0, 0.23274635204159672],-0.382
15:41:36.809312,[0.32487336500543396, 0.13772718263948758, 0.5365822899912421, 0.6735525824811716],[1, 0, 2, 0.6735525824811716],-0.129
15:41:43.383976,[0.5956139939531018, 0.08536194846545053, 0.3189469804083369, 0.23011940699417854],[2, 0, 1, 0.23011940699417854],-0.26
15:41:50.142310,[0.037635416086052226, 0.6108212667930958, 0.35092490221964595, 1.0],[0, 2, 1, 1.0],-0.25
15:41:56.970879,[0.11640436297383797, 0.5587457201200184, 0.32428924241925433, 0.9036170477263319],[0, 2, 1, 0.9036170477263319],-0.079
15:42:03.559570,[0.12167872099251498, 0.5486896444654012, 0.3289647057577072, 0.9129430491513606],[0, 2, 1, 0.9129430491513606],-0.082
15:42:10.229107,[0.5826006234401083, 0.14894170955493446, 0.26791275065638853, 0.7483771968515183],[2, 0, 1, 0.7483771968515183],-0.075
