,cu,,gu,,nu,,tris,,,ct,,gt,,nt,,ttris,,reward 
[0.20140133047069686, 0.08633449832060469, 0.7120446726239328, 0.6204872982080092],[1.0, 0.0, 4.0, 0.6204872982080092],0.5
[0.7122440171463881, 0.2131778060687919, 0.07423101580271774, 0.8517860719599893],[4.0, 1.0, 0.0, 0.8517860719599893],-0.10000000149011612
[0.4231788221083014, 0.3927597170955277, 0.18360985143853858, 0.24103711166372427],[3.0, 2.0, 0.0, 0.24103711166372427],-0.27000001072883606
