time,cu,,gu,,nu,,tris,,,ct,,gt,,nt,,ttris,,reward 
10:39:02.714140,[0.27132865122426186, 0.6528602046713158, 0.0752349266843918, 0.6338134317589749],[0.0, 2.0, 0.0, 0.6338134317589749],