,cu,,gu,,nu,,tris,,,ct,,gt,,nt,,ttris,,reward 
[0.022401630649040216, 0.05026767782432162, 0.9266134120089654, 0.17848261240082403],[0.0, 0.0, 5.0, 0.17848261240082403],-0.627
[0.5468030596826322, 0.07209609054205213, 0.3802876630282612, 0.9223924872163152],[3.0, 0.0, 2.0, 0.9223924872163152],-0.43499999999999994
[0.5199525714855294, 0.3835963853972302, 0.09576250185257307, 0.7503095853664756],[3.0, 2.0, 0.0, 0.7503095853664756],-0.554
[0.35206668691852305, 0.41138746499550527, 0.23651935854402983, 0.3866321703571446],[1.0, 3.0, 1.0, 0.3866321703571446],-0.851
[0.4455918820621326, 0.3475206561612554, 0.20687959088275942, 0.9837045405426018],[3.0, 1.0, 1.0, 0.9837045405426018],-0.6880000000000001
[0.5496561983303972, 0.0732946612976694, 0.37699528226267576, 0.9157041631429904],[3.0, 0.0, 2.0, 0.9157041631429904],-9.677
