,cu,,gu,,nu,,tris,,,ct,,gt,,nt,,ttris,,reward 
[0.21860757682694099, 0.12144273313345189, 0.6597178125649414, 0.8764759516942261],[1.0, 0.0, 4.0, 0.8764759516942261],-2.390000104904175
[0.10452978924888245, 0.5226566669442301, 0.372565851834177, 0.682742794438884],[0.0, 3.0, 2.0, 0.682742794438884],0.07999999821186066
[0.2995698674192355, 0.06705026889197097, 0.6329874000985558, 0.8664945647868663],[1.0, 0.0, 4.0, 0.8664945647868663],0.10000000149011612
[0.06806797839685175, 0.9089202989015441, 0.02240366012567585, 0.8308183068844769],[0.0, 5.0, 0.0, 0.8308183068844769],-0.2800000011920929
[0.08916463379079897, 0.4030239569496764, 0.5070029746447267, 0.4008030098437712],[0.0, 2.0, 3.0, 0.4008030098437712],-1.6200000047683716
[0.10307868366712891, 0.5083414814803812, 0.3878715665467758, 0.6930267215316175],[0.0, 3.0, 2.0, 0.6930267215316175],0.05999999865889549
[0.33737595501242207, 0.041649199983085965, 0.6205101782774394, 0.8618658499520376],[1.0, 0.0, 4.0, 0.8618658499520376],0.20999999344348907
[0.33477897823943553, 0.036664437303869056, 0.6279410399068799, 0.9309080099158396],[1.0, 0.0, 4.0, 0.9309080099158396],0.11999999731779099
