time,,cu,,gu,,nu,,tris,,,ct,,gt,,nt,,ttris,,reward
19:36:41.316170,[0.020117330428359725, 0.1433167264589953, 0.8364805181662857, 0.8775017775807036],[0, 0, 6, 0.8775017775807036],-0.812
19:36:48.113428,[0.12500662288578057, 0.11331921386675348, 0.7609373025491851, 0.6510348461729156],[1, 0, 5, 0.6510348461729156],-0.585
19:36:54.483763,[0.11193115490456751, 0.6510177510036118, 0.2369854171872382, 0.5401166768739538],[0, 4, 2, 0.5401166768739538],-0.883
19:37:01.172284,[0.39936362393934255, 0.30305286578053037, 0.2970073388855703, 0.5451375309075501],[3, 2, 1, 0.5451375309075501],-1.051
19:37:07.697425,[0.34485784899684124, 0.5471292203564907, 0.10768960775390057, 0.5683704993965674],[2, 4, 0, 0.5683704993965674],-1.279
