time,,cu,,gu,,nu,,tris,,,ct,,gt,,nt,,ttris,,reward
18:20:36.284238,[0.33871553324184733, 0.1088571144131324, 0.5518081257857951, 0.5098743440239992],[2, 0, 4, 0.5098743440239992],-0.963
18:20:42.417703,[0.8750935198698442, 0.04464925884465398, 0.07977559983903093, 0.2514816727574652],[6, 0, 0, 0.2514816727574652],-1.446
18:20:48.546503,[0.2384634236509514, 0.6700878022339846, 0.09130385343556502, 0.39185988369042096],[1, 5, 0, 0.39185988369042096],-1.304
