time,,cu,,gu,,nu,,tris,,,ct,,gt,,nt,,ttris,,reward
17:44:28.187241,[0.4016806750061359, 0.5728014501344941, 0.025469142955005686, 0.8085830185689675],[1, 2, 0, 0.8085830185689675],-0.187
17:44:34.633448,[0.6698205803934847, 0.14579631368806256, 0.18414358269471265, 0.8961175732855713],[3, 0, 0, 0.8961175732855713],-0.396
17:44:41.169164,[0.15690556661768162, 0.44633973085143874, 0.39668338524396285, 0.4569360195701587],[0, 2, 1, 0.4569360195701587],-0.478
17:44:47.740051,[0.09461706452951069, 0.039736932598769203, 0.8648719359345459, 0.7037192638275511],[0, 0, 3, 0.7037192638275511],0.023
17:44:54.244364,[0.2693182721937878, 0.12013348097830312, 0.6098138695340933, 0.379278179259794],[1, 0, 2, 0.379278179259794],0.161
17:45:00.967526,[0.24084043416898848, 0.11211562966691113, 0.6462094621791086, 0.7677470763527672],[1, 0, 2, 0.7677470763527672],0.169
