time,,cu,,gu,,nu,,tris,,,ct,,gt,,nt,,ttris,,reward
19:21:24.923523,[0.2284422705526219, 0.5362293305847499, 0.23485655726872157, 0.826926627835272],[1, 4, 1, 0.826926627835272],-0.69
19:21:35.423443,[0.3590470076604163, 0.22639671031965225, 0.41378143359970465, 0.7938102261964297],[2, 1, 3, 0.7938102261964297],-0.397
