time,,cu,,gu,,nu,,tris,,,ct,,gt,,nt,,ttris,,reward
19:15:11.455729,[0.5871275842886281, 0.012418825349103102, 0.39968090562661596, 0.4455534920850166],[4, 0, 2, 0.4455534920850166],-1.189
19:15:18.147065,[0.5336058003396276, 0.338386319053426, 0.1272579745653648, 0.5870588592254019],[4, 2, 0, 0.5870588592254019],-1.194
19:15:24.799988,[0.24942257391342648, 0.7291913590828216, 0.02105771740872231, 0.5036077003998016],[1, 5, 0, 0.5036077003998016],-1.262
19:15:31.674712,[0.22443645240209587, 0.5882607813475823, 0.18716505323873822, 0.9867008109459579],[1, 4, 1, 0.9867008109459579],-0.997
19:15:38.211393,[0.04029774401737918, 0.7565427393631634, 0.2028207183584596, 0.23962844946333073],[0, 5, 1, 0.23962844946333073],-1.588
19:15:45.304047,[0.34891108971756823, 0.5750827175954106, 0.07587005454521674, 1.0],[2, 4, 0, 1.0],-0.983
19:15:52.733541,[0.09832456182875753, 0.007966017027010344, 0.8928058919101732, 1.0],[0, 0, 6, 1.0],-0.765
19:16:00.290182,[0.0, 0.0, 1.0, 1.0],[0, 0, 6, 1.0],-0.663
19:16:07.110120,[0.0, 0.0, 1.0, 0.6759622580183103],[0, 0, 6, 0.6759622580183103],-0.813
