time,,cu,,gu,,nu,,tris,,,ct,,gt,,nt,,ttris,,reward
time,,cu,,gu,,nu,,tris,,,ct,,gt,,nt,,ttris,,reward
17:32:49.307704,[0.1102199110265164, 0.7814356421408061, 0.10741143642593687, 0.7930661645160695],[1, 5, 0, 0.7930661645160695],-1.167
