time,,cu,,gu,,nu,,tris,,,ct,,gt,,nt,,ttris,,reward
14:37:50.954902,[0.6812855774678657, 0.2559949653197874, 0.06254799909910957, 0.21292783401842652],[5, 1, 0, 0.21292783401842652],-1.11
14:37:57.567005,[0.6411525483196903, 0.0732501822421101, 0.28487281919366736, 0.46294195956749856],[4, 0, 2, 0.46294195956749856],-0.446
14:38:04.091093,[0.5911880205806591, 0.22521630595246456, 0.1834984706493309, 0.9349484830353367],[4, 1, 1, 0.9349484830353367],-0.267
