time,,cu,,gu,,nu,,tris,,,ct,,gt,,nt,,ttris,,reward
14:59:39.490805,[0.12343961170228113, 0.8245339081406647, 0.05116874566170071, 0.7311943051032964],[0, 3, 0, 0.7311943051032964],0.645
14:59:45.837196,[0.6875690884330484, 0.03033546416740751, 0.2814301877901221, 0.4317804228511875],[3, 0, 0, 0.4317804228511875],-0.287
14:59:52.636077,[0.28923934980375154, 0.027384104831965295, 0.6831462218254739, 0.4886901929421087],[0, 0, 3, 0.4886901929421087],-0.504
14:59:59.090818,[0.4745851616832716, 0.25689940162584235, 0.26840405079200613, 0.9381641429328996],[2, 0, 1, 0.9381641429328996],0.561
15:00:05.514257,[0.7674343193597948, 0.19249532386663837, 0.039704627723882835, 0.7428112144505321],[3, 0, 0, 0.7428112144505321],-0.657
