time,,cu,,gu,,nu,,tris,,,ct,,gt,,nt,,ttris,,reward
19:23:58.016911,[0.10546710400748227, 0.10106712466879808, 0.7928482994943583, 0.5889128455934011],[0, 0, 3, 0.5889128455934011],1.645
19:24:04.371592,[0.36587428446189774, 0.3648997942642973, 0.26893033881018824, 0.32052504298578355],[2, 1, 0, 0.32052504298578355],-0.28
19:24:10.752124,[0.3746638369676817, 0.28990753778795897, 0.3349310873842025, 0.38950273112420936],[2, 0, 1, 0.38950273112420936],-0.238
19:24:17.080362,[0.039259976812580644, 0.6336428337315172, 0.3264527282570078, 0.45350225761139334],[0, 2, 1, 0.45350225761139334],0.196
