time,,cu,,gu,,nu,,tris,,,ct,,gt,,nt,,ttris,,reward
21:51:18.471275,[0.3344716746967612, 0.6442991867307286, 0.020558120725217233, 0.3904732335288885],[2, 4, 0, 0.3904732335288885],-0.896
21:51:25.237081,[0.8176569485734819, 0.16983702982323334, 0.01182627036137418, 0.3716190046257628],[5, 1, 0, 0.3716190046257628],-1.294
21:51:31.730231,[0.09419521131215658, 0.04791184451561337, 0.8577382013353338, 0.7658682207809039],[0, 0, 6, 0.7658682207809039],-0.746
21:51:38.610990,[0.11828255225121265, 0.33132716609710944, 0.5498526523024833, 0.5284812297481943],[0, 2, 4, 0.5284812297481943],-0.287
