time,,cu,,gu,,nu,,tris,,,ct,,gt,,nt,,ttris,,reward
10:54:55.720418,[0.15465150266713878, 0.7697382179375134, 0.07530949323938585, 0.40382974124334964],[1, 5, 0, 0.40382974124334964],-0.397
10:55:02.408160,[0.27370716073339585, 0.015175172577826967, 0.7106074989158951, 0.22688094874809972],[1, 0, 5, 0.22688094874809972],-0.833
