time,,cu,,gu,,nu,,tris,,,ct,,gt,,nt,,ttris,,reward
time,,cu,,gu,,nu,,tris,,,ct,,gt,,nt,,ttris,,reward
19:32:03.156258,[0.25685777486419203, 0.12154270336575301, 0.6213151920029854, 0.9273338224371719],[2, 0, 4, 0.9273338224371719],-0.684
