time,,cu,,gu,,nu,,tris,,,ct,,gt,,nt,,ttris,,reward
15:36:26.463762,[0.24405197296025405, 0.5727986286897071, 0.18302864438487543, 0.7818647752962361],[1, 2, 0, 0.7818647752962361],0.364
15:36:32.939205,[0.17019255644205777, 0.27730761488953226, 0.5520781187122169, 0.8555964057618675],[0, 1, 2, 0.8555964057618675],-0.192
15:36:39.220938,[0.027022543206275618, 0.325934283075039, 0.6462594944472528, 0.42948273696558154],[0, 1, 2, 0.42948273696558154],0.765
15:36:45.498253,[0.5544879587906948, 0.009334913143480894, 0.4357946164890617, 0.47611982882670373],[2, 0, 1, 0.47611982882670373],0.203
15:36:51.790329,[0.28201529429879413, 0.6102703850372883, 0.10769095758466252, 0.5469034948941861],[1, 2, 0, 0.5469034948941861],-0.887
15:36:58.580753,[0.05640979661660017, 0.30993290646389726, 0.6336202259494363, 0.41498615185122256],[0, 1, 2, 0.41498615185122256],-0.589
15:37:05.356260,[0.5521408264371945, 0.013430974063189336, 0.43400067043710766, 0.479634663187288],[2, 0, 1, 0.479634663187288],0.023
15:37:12.287091,[0.02052169903472374, 0.32947399492185186, 0.6490554672376961, 0.4326895736345638],[0, 1, 2, 0.4326895736345638],-0.05
15:37:19.194239,[0.029182685930895378, 0.32475809180836906, 0.6453304233986126, 0.4284171666277264],[0, 1, 2, 0.4284171666277264],0.398
