time,,cu,,gu,,nu,,tris,,,ct,,gt,,nt,,ttris,,reward
18:45:10.764577,[0.8399342251932134, 0.011611009330164568, 0.14810263073879726, 0.558345939500339],[6, 0, 0, 0.558345939500339],-0.859
18:45:17.646115,[0.5542470252327972, 0.13865445324557257, 0.306781695588319, 0.7998450327706363],[4, 0, 2, 0.7998450327706363],-0.601
