time,,cu,,gu,,nu,,tris,,,ct,,gt,,nt,,ttris,,reward
14:42:13.555423,[0.3367920172118235, 0.6605753436670154, 0.0020937370225081464, 0.4336096960950473],[2, 4, 0, 0.4336096960950473],-1.873
14:42:24.869804,[0.7818523433586965, 0.07242314901508806, 0.14525901364917704, 0.5232316893423697],[5, 0, 1, 0.5232316893423697],-1.657
14:42:35.718635,[0.7696863208608873, 0.07851113415455291, 0.15166604341972634, 0.5030661686595809],[5, 0, 1, 0.5030661686595809],-1.592
14:42:46.267115,[0.17237723645283254, 0.38843963601697595, 0.4388545470134356, 0.7106938882628988],[1, 2, 3, 0.7106938882628988],-1.132
