time,,cu,,gu,,nu,,tris,,,ct,,gt,,nt,,ttris,,reward
19:44:20.544683,[0.24765136989246384, 0.7468286787960748, 0.0047978560075303545, 0.8770770697407442],[1, 5, 0, 0.8770770697407442],-1.265
19:44:27.610277,[0.20445164589970444, 0.6179999160022557, 0.17693075445674766, 0.7365141818470592],[1, 4, 1, 0.7365141818470592],-1.362
