time,,cu,,gu,,nu,,tris,,,ct,,gt,,nt,,ttris,,reward
13:05:11.404917,[0.28400720222495957, 0.48591701831663114, 0.22908161957040163, 0.8057993899114011],[2, 3, 1, 0.8057993899114011],-1.295
13:05:18.178156,[0.1189162836767319, 0.5611822958441135, 0.3189865936703513, 0.5655023424651977],[0, 4, 2, 0.5655023424651977],-1.306
