time,,cu,,gu,,nu,,tris,,,ct,,gt,,nt,,ttris,,reward
13:47:11.028117,[0.5372230974281159, 0.20326723408711045, 0.25927285829235913, 0.8843626230915311],[4, 1, 1, 0.8843626230915311],-1.101
13:47:17.719214,[0.543708684097223, 0.3809487512790598, 0.07534051898643335, 0.8138500275211149],[4, 2, 0, 0.8138500275211149],-1.244
13:47:24.221846,[0.6085739358560065, 0.1740967386087685, 0.21731857998192539, 0.4422076432564306],[4, 1, 1, 0.4422076432564306],-1.48
13:47:30.694710,[0.08151949025859251, 0.6763724341851944, 0.24197886063806462, 0.5592744969120946],[0, 5, 1, 0.5592744969120946],-1.228
