time,,cu,,gu,,nu,,tris,,,ct,,gt,,nt,,ttris,,reward
15:02:52.128569,[0.3892430845295525, 0.3959454300659475, 0.21395840779098418, 0.8656794512706238],[2, 3, 1, 0.8656794512706238],-1.053
15:03:02.641874,[0.29256750406665544, 0.4497471753752763, 0.25762388561829264, 0.8889021308896591],[2, 3, 1, 0.8889021308896591],-1.072
15:03:12.915073,[0.24666319263816594, 0.17405127513952345, 0.5784734521094735, 0.7042522092776881],[1, 1, 4, 0.7042522092776881],-0.875
15:03:23.551395,[0.3200861886090839, 0.38774132004598194, 0.29153657950716005, 0.48300660455695144],[2, 3, 1, 0.48300660455695144],-1.368
