time,,cu,,gu,,nu,,tris,,,ct,,gt,,nt,,ttris,,reward
19:16:16.418557,[0.41363655408392974, 0.2697950361131757, 0.31645985761973494, 0.4396017911526208],[3, 1, 2, 0.4396017911526208],-0.891
19:16:27.300094,[0.19074695191164137, 0.10867403091095995, 0.7000757440065192, 0.2198182092271025],[1, 0, 5, 0.2198182092271025],-0.974
19:16:38.049896,[0.026783481005137277, 0.24603703138722954, 0.7262125320457674, 0.9693215560169915],[0, 1, 5, 0.9693215560169915],-0.302
