time,,cu,,gu,,nu,,tris,,,ct,,gt,,nt,,ttris,,reward
19:22:25.677766,[0.047361725384971076, 0.45834592850547307, 0.49406473188716715, 0.6248578675707042],[0, 3, 3, 0.6248578675707042],-0.469
19:22:36.148668,[0.007856210781537754, 0.0014791705573261593, 0.9904858728292287, 0.6232021911337383],[0, 0, 6, 0.6232021911337383],-0.651
19:22:46.899735,[0.40085561703947725, 0.5815196890364337, 0.016967746833539743, 0.8808005380007993],[2, 4, 0, 0.8808005380007993],-1.062
19:22:57.957146,[0.8830580544372393, 0.10347059638467382, 0.012747039333468435, 0.3664702374421566],[6, 0, 0, 0.3664702374421566],-1.396
