time,,cu,,gu,,nu,,tris,,,ct,,gt,,nt,,ttris,,reward
19:52:53.479026,[0.42477439573232445, 0.011031854871168312, 0.563533380666971, 0.7231395518258793],[2, 0, 4, 0.7231395518258793],-0.879
19:53:00.115161,[0.080187888406414, 0.7027313130572502, 0.21642033624264612, 0.5488564226328528],[0, 5, 1, 0.5488564226328528],-1.228
19:53:06.929568,[0.3161163367966938, 0.49619957236531886, 0.18711764609637516, 0.7063630325158918],[2, 3, 1, 0.7063630325158918],-1.138
