time,,cu,,gu,,nu,,tris,,,ct,,gt,,nt,,ttris,,reward
19:58:23.194404,[0.17712445411156708, 0.3185854469758579, 0.5041279924419588, 0.602575482920758],[1, 1, 4, 0.602575482920758],-1.368
19:58:30.189934,[0.23394353816167746, 0.42017471435140286, 0.3451069385438582, 0.8700280933769076],[1, 3, 2, 0.8700280933769076],-1.27
19:58:36.939946,[0.13813895158810652, 0.01640561737202373, 0.8446444157342798, 0.5167866964765323],[0, 0, 6, 0.5167866964765323],-1.364
