time,,cu,,gu,,nu,,tris,,,ct,,gt,,nt,,ttris,,reward
16:13:50.679598,[0.46034482427869394, 0.3689129611181673, 0.17042286094160675, 0.3672292985290163],[3, 2, 1, 0.3672292985290163],0.0
16:13:50.907084,[0.06425155798749793, 0.8028316218423233, 0.13267429871072423, 0.7207248635489183],[0, 5, 1, 0.7207248635489183],-0.729
16:13:57.548917,[0.20680959089029138, 0.28069985740179215, 0.5116558189137671, 0.9037353066942688],[1, 1, 4, 0.9037353066942688],-0.687
16:13:58.266041,[0.5288960255282534, 0.13153458453242395, 0.3391919952744358, 0.6813347491007395],[4, 0, 2, 0.6813347491007395],-0.806
16:14:04.206696,[0.013186819025760244, 0.9386597613674438, 0.04765981110675166, 0.4141147323549599],[0, 6, 0, 0.4141147323549599],-1.085
