time,,cu,,gu,,nu,,tris,,,ct,,gt,,nt,,ttris,,reward
18:58:18.017714,[0.0777636489537128, 0.8286810109279706, 0.09350497436397842, 0.3501516614334488],[0, 5, 1, 0.3501516614334488],-0.738
18:58:24.538874,[0.7043470538993664, 0.09973095699709023, 0.19571739464510973, 0.4556292531061603],[5, 0, 1, 0.4556292531061603],-0.79
18:58:31.296859,[0.3696254656072069, 0.23032509266769263, 0.3991453647344074, 0.8854107175648096],[2, 1, 3, 0.8854107175648096],-0.485
18:58:37.849777,[0.15982704502371203, 0.23799708616139092, 0.601898647331441, 0.2303545597906883],[0, 2, 4, 0.2303545597906883],-0.635
18:58:44.286425,[0.6414075556483886, 0.24837823237306844, 0.11013257600877235, 0.9639198162725338],[4, 2, 0, 0.9639198162725338],-0.752
18:58:51.449400,[0.3696254631412788, 0.2303250924796106, 0.3991453673809166, 0.8854107168386707],[2, 1, 3, 0.8854107168386707],-0.797
