time,,cu,,gu,,nu,,tris,,,ct,,gt,,nt,,ttris,,reward
11:41:15.918550,[0.21266119429116714, 0.26612595366254244, 0.5203092155635416, 0.39576036212327026],[1, 1, 4, 0.39576036212327026],-0.875
11:41:22.609553,[0.21482067001352922, 0.6715242881833924, 0.11341578702508603, 0.6650290430357368],[1, 5, 0, 0.6650290430357368],-0.375
11:41:29.252223,[0.3494186608622176, 0.4663696255939429, 0.18414327555518872, 0.2693459076451549],[2, 3, 1, 0.2693459076451549],-0.912
11:41:35.808282,[0.32515172719882013, 0.5737700532850245, 0.10102869676634296, 0.2942717906409009],[2, 4, 0, 0.2942717906409009],-0.865
11:41:42.267634,[0.11832638262194495, 0.646209789441852, 0.23506953837964562, 0.37702410434917477],[0, 4, 2, 0.37702410434917477],-0.799
