time,,cu,,gu,,nu,,tris,,,ct,,gt,,nt,,ttris,,reward
15:16:19.765572,[0.027800068345667284, 0.2657934394385889, 0.7061967305383937, 0.427680885260102],[0, 0, 3, 0.427680885260102],1.269
15:16:26.116608,[0.03896353588594448, 0.8881846491390126, 0.07214516378042479, 0.4668323351777824],[0, 3, 0, 0.4668323351777824],-0.16
15:16:32.684436,[0.599201773685465, 0.11599809845767839, 0.28421384854119547, 0.721998105630221],[2, 0, 1, 0.721998105630221],-0.17
15:16:39.053220,[0.33079971462937874, 0.3194012198073608, 0.34903467666376664, 0.5517870363666392],[1, 0, 2, 0.5517870363666392],0.183
15:16:45.293018,[0.5662243626572558, 0.141163165540921, 0.29246950581833875, 0.375148639025697],[2, 0, 1, 0.375148639025697],0.306
15:16:52.323126,[0.009178247301625602, 0.16488544320841952, 0.8259342665356441, 0.34858138309415493],[0, 0, 3, 0.34858138309415493],0.198
