time,,cu,,gu,,nu,,tris,,,ct,,gt,,nt,,ttris,,reward
16:21:52.544527,[0.8469795183341091, 0.060641216594168434, 0.09214379468885192, 0.5461560056049368],[6, 0, 0, 0.5461560056049368],0.0
16:21:52.676530,[0.262269565229478, 0.3600834034245062, 0.37733091345175374, 0.8773471792072336],[1, 2, 3, 0.8773471792072336],-0.94
16:21:58.958582,[0.5635643583246214, 0.377684710040913, 0.05795816186693803, 0.528075196563101],[4, 2, 0, 0.528075196563101],-1.236
16:21:59.662336,[0.23211188021272633, 0.658250947364204, 0.10945082561934538, 0.5744502817997397],[2, 4, 0, 0.5744502817997397],-0.492
16:22:05.643940,[0.25482814073555193, 0.34386559835536423, 0.4004127519659031, 0.8232877988489826],[1, 2, 3, 0.8232877988489826],-0.492
