time,,cu,,gu,,nu,,tris,,,ct,,gt,,nt,,ttris,,reward
15:47:18.582250,[0.034794659219888446, 0.29010409859736475, 0.6742481715666709, 0.8615245441008311],[0, 1, 5, 0.8615245441008311],-0.32
15:47:25.404659,[0.6683703836040722, 0.0707212918355723, 0.26034680810116295, 0.8853215503635987],[5, 0, 1, 0.8853215503635987],-0.435
15:47:32.163351,[0.37640021758784326, 0.06045643637396714, 0.5621437551638064, 0.23635846765233195],[2, 0, 4, 0.23635846765233195],-1.221
