time,,cu,,gu,,nu,,tris,,,ct,,gt,,nt,,ttris,,reward
12:59:51.142646,[0.20960964742943677, 0.39454160706413277, 0.3948517840632415, 0.7043061833895741],[1, 2, 3, 0.7043061833895741],-1.571
12:59:58.314007,[0.23940916031970927, 0.0799232439121752, 0.6803410558385323, 0.8790559812880798],[1, 0, 5, 0.8790559812880798],-1.376
13:00:04.998219,[0.032507259341914674, 0.6568050254112942, 0.3097979394630811, 0.36152366253627166],[0, 4, 2, 0.36152366253627166],-1.692
13:00:12.473671,[0.3092456876618265, 0.3333494009959084, 0.35651551504347123, 0.507722402638486],[1, 2, 3, 0.507722402638486],-1.501
