time,,cu,,gu,,nu,,tris,,,ct,,gt,,nt,,ttris,,reward
13:28:04.677678,[0.5433555299852453, 0.14698172925327269, 0.3090825236238107, 0.9698387621596534],[4, 0, 2, 0.9698387621596534],-1.201
13:28:11.695265,[0.49485729491024855, 0.10944064411417709, 0.3955467346837722, 0.6344973467823651],[3, 0, 3, 0.6344973467823651],-1.096
13:28:18.181530,[0.20761129930356015, 0.390127824789547, 0.40148762292932694, 0.9847768259311271],[1, 2, 3, 0.9847768259311271],-0.804
