time,,cu,,gu,,nu,,tris,,,ct,,gt,,nt,,ttris,,reward
18:27:13.408049,[0.13741279686404517, 0.06828029684853743, 0.7942491334560099, 0.4295044737136686],[1, 0, 5, 0.4295044737136686],-1.712
18:27:20.365569,[0.8591685957040188, 0.051664435835275246, 0.08900632923484775, 0.30946617997178905],[6, 0, 0, 0.30946617997178905],-1.85
18:27:27.226173,[0.4506963390842096, 0.11003772697084124, 0.43922189514587295, 0.8056927175524332],[3, 0, 3, 0.8056927175524332],-1.182
18:27:33.882071,[0.17219487632675445, 0.574695455023644, 0.2525265363363939, 0.3033616073743633],[1, 4, 1, 0.3033616073743633],-1.687
18:27:40.700470,[0.3350750255078925, 0.22603065293223334, 0.4387737311608745, 0.8489151218807053],[2, 1, 3, 0.8489151218807053],-0.832
18:27:47.856278,[0.3219659372243267, 0.26024300742680156, 0.4176683436917575, 0.9316698973444897],[2, 1, 3, 0.9316698973444897],-0.572
18:27:54.681280,[0.26125589993799925, 0.3679601701752262, 0.37067236430673306, 1.0],[1, 2, 3, 1.0],-0.71
18:28:01.689451,[0.29755693701953057, 0.23291131959930372, 0.46903773182438213, 1.0],[2, 1, 3, 1.0],-0.852
