time,,cu,,gu,,nu,,tris,,,ct,,gt,,nt,,ttris,,reward
17:12:33.685406,[0.42636179370658756, 0.40382899253139337, 0.16929558467871497, 0.9256774805775723],[3, 2, 1, 0.9256774805775723],-0.4
17:12:40.484192,[0.49021660026595226, 0.4422816974622854, 0.06692101372435211, 0.3864309964623875],[3, 3, 0, 0.3864309964623875],-1.116
17:12:47.069001,[0.4270475572036434, 0.32753185882114, 0.24458526241460588, 0.8904987403687707],[3, 2, 1, 0.8904987403687707],-0.947
17:12:53.563458,[0.19714207210073253, 0.1835636645340557, 0.6183561667036293, 0.3017805278021782],[1, 1, 4, 0.3017805278021782],-1.356
17:13:00.321179,[0.2520678588066012, 0.6276582662389882, 0.11986751378718652, 0.7544727589207647],[2, 4, 0, 0.7544727589207647],-0.824
17:13:07.536552,[0.3509534599543864, 0.14646620575577063, 0.5018213208295247, 0.6465639355391561],[2, 0, 4, 0.6465639355391561],-0.829
