time,,cu,,gu,,nu,,tris,,,ct,,gt,,nt,,ttris,,reward
19:50:08.833465,[0.062350125391148925, 0.18113142306839047, 0.7555705856013422, 0.41669404788534825],[0, 1, 5, 0.41669404788534825],-1.651
19:50:16.183788,[0.4233957517077642, 0.3840741571439851, 0.1917841576079693, 0.7485819802286522],[3, 2, 1, 0.7485819802286522],-1.332
19:50:23.351294,[0.4607250165279736, 0.3150563258603858, 0.22415055518753269, 0.2815414059033503],[3, 2, 1, 0.2815414059033503],-1.601
19:50:29.800244,[0.05677485118318493, 0.7048713286272306, 0.23767984443720946, 0.5194164079519006],[0, 5, 1, 0.5194164079519006],-1.44
19:50:36.559629,[0.3458468286121932, 0.6504212309426349, 0.0031561225768080847, 0.7747900143784685],[2, 4, 0, 0.7747900143784685],-1.223
19:50:43.585918,[0.2742373240183843, 0.6637499109496301, 0.06128964102240164, 0.9890352197350865],[2, 4, 0, 0.9890352197350865],-1.25
19:50:50.641051,[0.5643271484211257, 0.4041562460797688, 0.03146864929104117, 0.9892858264812531],[4, 2, 0, 0.9892858264812531],-1.225
19:50:58.008967,[1.0, 0.0, 0.0, 1.0],[6, 0, 0, 1.0],-1.232
