time,,cu,,gu,,nu,,tris,,,ct,,gt,,nt,,ttris,,reward
16:06:55.718148,[0.6819426174412689, 0.10959772902769771, 0.2079355848257587, 0.4739585697847657],[5, 0, 1, 0.4739585697847657],-0.808
16:07:02.296004,[0.8171490335360938, 0.14728290486902107, 0.035339803099499356, 0.4598748804884723],[5, 1, 0, 0.4598748804884723],-1.246
16:07:08.778260,[0.5831913735468457, 0.3422706880974731, 0.07371795306490359, 0.289125326050069],[4, 2, 0, 0.289125326050069],-1.777
16:07:15.148677,[0.8611555568668922, 0.054148743751913586, 0.0839180667144993, 0.8359463341398572],[6, 0, 0, 0.8359463341398572],-0.754
