time,,cu,,gu,,nu,,tris,,,ct,,gt,,nt,,ttris,,reward
19:31:25.236988,[0.9484073153824186, 0.031741541704934484, 0.01935116762183342, 0.5187708531016775],[3, 0, 0, 0.5187708531016775],0.19
19:31:31.931895,[0.46746456897066113, 0.14084006039511143, 0.3912205355183994, 0.44158504638185464],[2, 0, 1, 0.44158504638185464],-0.181
19:31:38.210738,[0.49943993047485336, 0.4435515707585589, 0.05665178060032672, 0.712112311073782],[2, 1, 0, 0.712112311073782],-0.031
19:31:44.562783,[0.17480771023823038, 0.5642429926219659, 0.2599595901067808, 0.48026410805134506],[0, 2, 1, 0.48026410805134506],-0.575
19:31:50.988979,[0.13452687542483321, 0.22638995126688333, 0.6390209249747718, 0.4528760709255771],[0, 1, 2, 0.4528760709255771],-0.637
19:31:57.874863,[1.0, 0.0, 0.0, 1.0],[3, 0, 0, 1.0],-0.065
19:32:05.042233,[0.8341011334076291, 0.14188826240671587, 0.023950893374103395, 0.23855757341884826],[3, 0, 0, 0.23855757341884826],-0.342
19:32:11.642153,[0.9603687180135344, 0.03086356246981223, 0.00828732940966387, 0.6485836406193515],[3, 0, 0, 0.6485836406193515],-0.565
