time,,cu,,gu,,nu,,tris,,,ct,,gt,,nt,,ttris,,reward
15:01:14.418042,[0.6225018226160115, 0.36402872749904147, 0.01307802677582226, 0.23366732004794707],[4, 2, 0, 0.23366732004794707],-1.42
15:01:21.127549,[0.35783455633257755, 0.07594833078817476, 0.5658612899850088, 0.47747806430928175],[2, 0, 4, 0.47747806430928175],-1.09
15:01:27.887393,[0.2775988302449015, 0.32141539784546636, 0.4002895227725669, 0.5215886136626691],[1, 2, 3, 0.5215886136626691],-0.379
15:01:34.439232,[0.2558367353155304, 0.6699223437678438, 0.07423532028285684, 0.9415274328788061],[1, 5, 0, 0.9415274328788061],-0.775
