time,,cu,,gu,,nu,,tris,,,ct,,gt,,nt,,ttris,,reward
18:57:48.789187,[0.1590035640672104, 0.04837670803549077, 0.7919159899864149, 0.2950199756954489],[1, 0, 5, 0.2950199756954489],-1.617
18:57:55.773321,[0.033736060361183595, 0.8239382614464459, 0.14226243461355137, 0.2768002774991651],[0, 5, 1, 0.2768002774991651],-1.749
18:58:02.738673,[0.055581552482062646, 0.17276242654561857, 0.7715062729003344, 0.6524790328780887],[0, 1, 5, 0.6524790328780887],-1.374
18:58:09.698728,[0.0842228430778027, 0.45024845576030714, 0.4649396194351242, 0.536791048674493],[0, 3, 3, 0.536791048674493],-1.459
18:58:16.356132,[0.9027283536665127, 0.05497297061515727, 0.04157714607896412, 0.367864696066879],[6, 0, 0, 0.367864696066879],-1.483
18:58:23.622704,[0.057106408555515284, 0.17775236802197666, 0.7649352218956583, 0.6440519716710049],[0, 1, 5, 0.6440519716710049],-1.279
18:58:31.199061,[0.05871444694894494, 0.18301446085849002, 0.7580057690312892, 0.6351652778093398],[0, 1, 5, 0.6351652778093398],-1.281
