time,,cu,,gu,,nu,,tris,,,ct,,gt,,nt,,ttris,,reward
15:18:11.536015,[0.17944563392064117, 0.2550253537558025, 0.5648651507657567, 0.7847517519665016],[1, 1, 4, 0.7847517519665016],-0.934
15:18:18.237036,[0.12795194066938476, 0.2218788822642347, 0.6492032973290511, 0.22876631542432274],[0, 2, 4, 0.22876631542432274],-1.316
15:18:24.731028,[0.08156162993552174, 0.4475139018246055, 0.47026635228324554, 0.965989928989367],[0, 3, 3, 0.965989928989367],-0.45
