time,,cu,,gu,,nu,,tris,,,ct,,gt,,nt,,ttris,,reward
17:15:23.957251,[0.3021390784878081, 0.4369489911142761, 0.2600259813331688, 0.24079965034765005],[2, 3, 1, 0.24079965034765005],-1.036
17:15:30.606059,[0.01608359085828337, 0.5462010427732332, 0.4369755059144447, 0.6764630676689936],[0, 4, 2, 0.6764630676689936],-0.852
17:15:37.127041,[0.020594797137493792, 0.9167455412640942, 0.061743262051570214, 0.5158294127965539],[0, 6, 0, 0.5158294127965539],-1.169
