time,,cu,,gu,,nu,,tris,,,ct,,gt,,nt,,ttris,,reward
15:37:52.328679,[0.02160403702450031, 0.40115900125305215, 0.5768935880135887, 0.21301353225841285],[0, 2, 4, 0.21301353225841285],-1.417
15:37:59.340242,[0.34388588331676406, 0.255627582875252, 0.4003399265189088, 0.4272159407723895],[2, 1, 3, 0.4272159407723895],-0.791
15:38:05.854496,[0.3985304368947139, 0.3752636476553257, 0.22532503027058637, 0.324099132724498],[3, 2, 1, 0.324099132724498],-1.422
