time,,cu,,gu,,nu,,tris,,,ct,,gt,,nt,,ttris,,reward
20:50:52.962616,[0.05980557731680958, 0.5517357345529365, 0.38840836254462396, 0.4903752668486293],[0, 4, 2, 0.4903752668486293],-1.114
20:50:59.540140,[0.8444796580758182, 0.12011330381966046, 0.034490004547810926, 0.9174113947984115],[6, 0, 0, 0.9174113947984115],-0.885
