time,,cu,,gu,,nu,,tris,,,ct,,gt,,nt,,ttris,,reward
12:23:21.155731,[0.25373395748997873, 0.6315068553944018, 0.11432815526463047, 0.21403016524445626],[2, 4, 0, 0.21403016524445626],-1.448
12:23:27.998094,[0.2859293380413497, 0.424237713132932, 0.289257304799323, 0.4114364606042294],[1, 3, 2, 0.4114364606042294],-1.178
