time,,cu,,gu,,nu,,tris,,,ct,,gt,,nt,,ttris,,reward
14:56:09.930548,[0.4130212009523081, 0.20048500131200742, 0.386117570757571, 0.8209406855510455],[2, 0, 1, 0.8209406855510455],0.8
14:56:16.419509,[0.05475784893583091, 0.5498803564357196, 0.3948577141912041, 0.711389055558897],[0, 2, 1, 0.711389055558897],-0.066
