time,,cu,,gu,,nu,,tris,,,ct,,gt,,nt,,ttris,,reward
18:38:51.340456,[0.4981875580606242, 0.20604510985791424, 0.29542054009362184, 0.981292555761594],[3, 1, 2, 0.981292555761594],0.155
18:38:58.126116,[0.6287671786740493, 0.008563388073366984, 0.36219452618703485, 0.3725304073055191],[4, 0, 2, 0.3725304073055191],-0.887
