time,,cu,,gu,,nu,,tris,,,ct,,gt,,nt,,ttris,,reward
18:35:32.645588,[0.02523552303959986, 0.7779422351868333, 0.19647457526353684, 0.2603678918833416],[0, 5, 1, 0.2603678918833416],-1.724
18:35:39.669882,[0.8256591140124674, 0.04438346821873873, 0.12993229681467577, 0.6089408307478701],[5, 0, 1, 0.6089408307478701],-0.936
