time,,cu,,gu,,nu,,tris,,,ct,,gt,,nt,,ttris,,reward
13:10:29.653518,[0.4630747519244064, 0.15880742772862222, 0.3771249790804386, 0.22855007983262565],[3, 0, 3, 0.22855007983262565],-1.01
13:10:36.652945,[0.2988932399126991, 0.19987392980097196, 0.5009658812709092, 0.9214598874019504],[1, 1, 4, 0.9214598874019504],-0.488
