time,,cu,,gu,,nu,,tris,,,ct,,gt,,nt,,ttris,,reward
17:52:23.622963,[0.003827967165476065, 0.6678734020998384, 0.3276711596666685, 0.5091451236016393],[0, 3, 0, 0.5091451236016393],0.736
17:52:30.296643,[0.025593004353774096, 0.5292583534441625, 0.4446428629239767, 0.7912063902925643],[0, 2, 1, 0.7912063902925643],-0.286
17:52:36.839969,[0.520315966836453, 0.4783136803619453, 0.0012157517614103108, 0.6915307274441287],[2, 1, 0, 0.6915307274441287],-0.266
17:52:43.207268,[0.2091486292224113, 0.3031176433758562, 0.4871354532722324, 0.2158966835642464],[0, 1, 2, 0.2158966835642464],0.023
