time,,cu,,gu,,nu,,tris,,,ct,,gt,,nt,,ttris,,reward
19:28:10.366297,[0.18186714674852267, 0.07416754063004871, 0.7434552505149477, 0.8862080167710982],[1, 0, 5, 0.8862080167710982],-0.644
19:28:26.266997,[0.33801375908488074, 0.3218344784085724, 0.3397190948309464, 0.4592547913230238],[2, 1, 3, 0.4592547913230238],-0.968
19:28:41.919370,[0.4296342250968428, 0.08212358794341756, 0.48787137294291527, 0.7179897930149814],[3, 0, 3, 0.7179897930149814],-0.774
