time,,cu,,gu,,nu,,tris,,,ct,,gt,,nt,,ttris,,reward
13:54:06.606884,[0.45967666729149714, 0.22129485384961212, 0.3183152651737766, 0.42252320340593075],[1, 0, 0, 0.42252320340593075],-1.467
13:54:12.842140,[0.756770707225859, 0.07304668184675034, 0.17000369304006702, 0.48571826733309476],[1, 0, 0, 0.48571826733309476],-1.552
