time,,cu,,gu,,nu,,tris,,,ct,,gt,,nt,,ttris,,reward
16:19:51.162929,[0.4119884977738272, 0.04459763349046597, 0.5426204404207671, 0.32165339369862767],[2, 0, 4, 0.32165339369862767],0.0
16:19:51.246881,[0.18912519935922645, 0.46382226281616434, 0.34698759413001923, 0.6727215930182207],[1, 3, 2, 0.6727215930182207],-0.376
16:19:58.004266,[0.11581292828193446, 0.7287556529628408, 0.15457801601054888, 0.7671668855435876],[0, 5, 1, 0.7671668855435876],-0.291
16:19:58.415295,[0.2802950361972444, 0.3446550917999588, 0.374949831192279, 0.3162411065835545],[1, 2, 3, 0.3162411065835545],-0.827
16:20:04.456914,[0.2309704043703742, 0.24296209734901852, 0.5254222594348079, 0.8311862783727815],[1, 1, 4, 0.8311862783727815],-0.315
